"party","parfam","partyname"
11220,20,"Communist Party of Sweden"
11320,30,"Social Democratic Labour Party"
11420,40,"People’s Party"
11620,60,"Right Party"
11810,80,"Agrarian Party"
11810,80,"Centre Party"
11220,20,"Left Communists Party"
11620,60,"Moderate Coalition Party"
11520,50,"Christian Democratic Coalition"
11110,10,"Green Ecology Party"
11220,20,"Left Party"
11420,40,"Liberal People’s Party"
11520,50,"Christian Democratic Community Party"
11951,95,"New Democracy"
11520,50,"Christian Democrats"
11710,70,"Sweden Democrats"
11420,40,"Liberals"
12220,20,"Norwegian Communist Party"
12320,30,"Norwegian Labour Party"
12420,40,"Liberal Party"
12520,50,"Christian People’s Party"
12620,60,"Conservative Party"
12810,80,"Farmers’ Party"
12221,20,"Socialist People’s Party"
12810,80,"Centre Party"
12410,40,"New People’s Party"
12951,70,"Anders Lange’s Party"
12221,20,"Socialist Left Party"
12951,70,"Progress Party"
12110,10,"Green Party"
12320,30,"Labour Party"
12230,20,"Red Party"
13220,20,"Danish Communist Party"
13320,30,"Social Democratic Party"
13410,40,"Danish Social-Liberal Party"
13420,40,"Liberals"
13620,60,"Conservative People’s Party"
13952,95,"Justice Party"
13953,95,"Danish Union"
13421,40,"Independents’ Party"
13230,20,"Socialist People’s Party"
13422,40,"Liberal Centre"
13210,20,"Left Socialist Party"
13520,50,"Christian People’s Party"
13330,60,"Centre Democrats"
13951,70,"Progress Party"
13221,20,"Common Course"
13229,20,"Red-Green Unity List"
13720,70,"Danish People’s Party"
13520,50,"Christian Democrats"
13001,40,"New Alliance"
13001,40,"Liberal Alliance"
13110,20,"Alternativ"
13730,70,"The New Right"
14221,20,"Finnish People’s Democratic Union"
14320,30,"Finnish Social Democrats"
14420,40,"National Progressive Party"
14620,60,"National Coalition"
14810,80,"Agrarian Union"
14901,90,"Swedish People’s Party"
14420,40,"Finnish People’s Party"
14310,30,"Social Democratic League of Workers and Smallholders"
14420,40,"Liberal People’s Party"
14810,80,"Centre Party"
14820,70,"Finnish Smallholders’ Party"
14520,50,"Finnish Christian Union"
14820,70,"Finnish Rural Party"
14110,10,"Green Union"
14222,20,"Democratic Alternative"
14223,20,"Left Wing Alliance"
14810,80,"Finnish Centre"
14430,40,"Young Finnish Party"
14820,70,"True Finns"
14520,50,"Christian Democrats in Finland"
14440,40,"Movement Now"
15220,20,"United Socialist Party"
15320,30,"Social Democratic Party"
15620,60,"Independence Party"
15810,80,"Progressive Party"
15710,70,"National Preservation Party"
15220,20,"People’s Alliance"
15322,30,"Union of Liberals and Leftists"
15321,30,"Social Democratic Federation"
15951,95,"Women’s Alliance"
15621,60,"Citizens’ Party"
15323,30,"Awakening of the Nation"
15111,10,"Left Green Movement"
15328,30,"The Alliance"
15420,40,"Liberal Party"
15430,95,"Citizens' Movement"
15328,30,"The Alliance - Social Democratic Party of Iceland"
15440,40,"Bright Future"
15952,95,"Pirate Party"
15450,40,"Reform Party"
15630,60,"Centre Party"
15953,95,"People’s Party"
21320,30,"Belgian Socialist Party"
21420,40,"Liberal Party"
21520,50,"Francophone Christian Social Party and Flemish Christian People’s Party"
21913,90,"Flemish Christian Peoples’ Union"
21913,90,"Peoples’ Union"
21420,40,"Party of Liberty and Progress"
21912,90,"Francophone Democratic Front of Francophones of Brussels"
21521,50,"Christian People’s Party"
21522,50,"Christian Social Party"
21911,90,"Walloon Rally"
21421,40,"Party of Liberty and Progress"
21422,40,"Party of Liberty and Progress"
21424,40,"Brussels Liberal Party"
21424,40,"Liberal Democratic and Pluralist Party"
21422,40,"Party of Walloon Reform and Liberty"
21424,40,"Liberal Party"
21321,30,"Flemish Socialist Party"
21322,30,"Francophone Socialist Party"
21914,70,"Flemish Bloc"
21111,10,"Ecologists"
21112,10,"Live Differently"
21422,40,"Liberal Reformation Party"
21912,90,"Francophone Democratic Front of Francophones"
21421,40,"Flemish Liberals and Democrats"
21423,40,"Liberal Reformation Party - Francophone Democratic Front"
21425,40,"Liberal Reformation Party - Francophone Democratic Front - Citizens’ Movement for Change"
21521,50,"Christian Democratic and Flemish"
21915,90,"People’s Union - Complete Democracy for the 21st century"
21221,30,"Socialist Party Different - Spirit"
21426,40,"Reform Movement"
21522,50,"Humanist Democratic Centre"
21916,90,"New Flemish Alliance"
21112,10,"Green!"
21321,30,"Socialist Party Different"
21330,30,"Social, Progressive, International, Regionalist, Integrally Democartic  and Forward-Looking"
21421,40,"Open Flemish Liberals and Democrats"
21430,40,"List Dedecker"
21917,70,"Flemish Interest"
21230,20,"Workers' Party of Belgium"
21710,70,"People's Party"
21912,90,"Democratic, Federalist,  Independent"
22210,20,"Communist Party of the Netherlands"
22320,30,"Labour Party"
22420,40,"Freedom Party"
22522,50,"Catholic People’s Party"
22523,50,"Anti-Revolutionary Party"
22525,50,"Christian Historical Union"
22952,95,"Reformed Political Party"
22420,40,"People’s Party for Freedom and Democracy"
22330,40,"Democrats‘66"
22310,30,"Radical Political Party"
22524,50,"Democratic Socialists‘70"
22521,50,"Christian Democratic Appeal"
22528,50,"Reformatory Political Federation"
22527,50,"Reformed Political League"
22710,70,"Centre Party"
22230,20,"Pacifist Socialist Party"
22110,10,"Green Left"
22711,70,"Centre Democrats"
22220,20,"Socialist Party"
22954,95,"General Elderly Alliance"
22955,95,"Union 55+"
22430,40,"Livable Netherlands"
22526,50,"Christian Union"
22720,70,"List Pim Fortuyn"
22722,70,"Party of Freedom"
22951,95,"Party for the Animals"
22953,95,"50Plus"
22321,30,"DENK"
22730,70,"Forum for Democracy"
22235,20,"Volt Netherlands"
22240,20,"Together"
22731,70,"Right Answer 21"
22820,80,"Farmer-Citizen Movement"
23220,20,"Communist Party of Luxembourg"
23320,30,"Socialist Workers’ Party of Luxembourg"
23420,40,"Patriotic and Democratic Group"
23520,50,"Christian Social People’s Party"
23420,40,"Democratic Group"
23420,40,"Democratic Party"
23112,10,"Green Alternative"
23111,10,"Green Left Ecological Initiative"
23951,95,"Action Committee for Democracy and Pension Justice"
23113,10,"Green Left Ecological Initiative - Green Alternative"
23113,10,"The Greens"
23230,20,"The Left"
23951,95,"Alternative Democatic Reform Party"
31220,20,"French Communist Party"
31320,30,"French Section of the Workers' International"
31421,40,"Radical Socialist Party"
31521,50,"Popular Republican Movement"
31621,60,"Rally for the French People - Gaullists"
31622,60,"Republican Party of Liberty - Conservatives"
31622,60,"National Centre of Independents and Peasants - Conservatives"
31623,60,"Union for the Defence of Traders and Artisans - Poujadists"
31621,60,"Union for the New Republic - Gaullists"
31522,50,"Democratic Centre"
31621,60,"Democratic Union of the Fifth Republic - Gaulists"
31522,50,"Progress and Modern Democracy"
31621,60,"Union for the Defence of the Republic - Gaullists"
31320,30,"Socialist Party"
31523,50,"Centre, Democracy and Progress"
31529,50,"Reformers’ Movement"
31621,60,"Union of Democrats for the Republic - Gaullists"
31621,60,"Rally for the Republic - Gaullists"
31624,60,"Union for French Democracy"
31621,60,"Union for a New Majority - Gaullists/Conservatives"
31622,60,"Union for a New Majority - Conservatives/Gaullists"
31720,70,"National Front"
31110,10,"The Greens"
31625,60,"Rally for the Republic"
31111,10,"Ecology Generation"
31626,60,"Union for the Presidential Majority"
31624,60,"Democratic Movement"
31626,60,"Union for a Popular Movement"
31021,20,"Left Front"
31110,10,"Europe Ecology - The Greens"
31230,20,"Left Radical Party"
31421,40,"Radical Party"
31630,60,"New Centre"
31631,60,"Centrist Alliance"
31240,20,"Indomitable France"
31425,40,"Republic Onwards!"
31430,40,"Union of Democrats and Independents"
31626,60,"The Republicans"
31022,20,"New Ecologic and Social People's Union"
31041,40,"Together for the Republic"
31061,60,"Union of the Right and Centre"
31425,40,"Renaissance"
31440,40,"Horizons"
32220,20,"Italian Communist Party"
32320,30,"Italian Socialist Party"
32410,40,"Italian Republican Party"
32420,40,"Italian Liberal Party"
32520,50,"Christian Democrats"
32330,30,"Socialist Party of Italian Workers"
32710,70,"Italian Social Movement"
32330,30,"Italian Democratic Socialist Party"
32322,30,"Unified Italian Socialist Party-Italian Democratic Socialist Party"
32710,70,"Italian Social Movement-National Right"
32210,20,"Proletarian Unity Party for Communism (The Manifesto + Proletarian Unity Party)"
32310,30,"Radical Party"
32211,20,"Proletarian Democracy"
32110,10,"Green Federation"
32212,20,"Communist Refoundation Party"
32220,20,"Democratic Party of the Left"
32310,30,"Pannella List"
32720,70,"Northern League"
32951,95,"The Network/Movement for Democracy"
32310,30,"Pannella-Riformatori List"
32520,50,"Italian Popular Party"
32528,50,"Pact for Italy"
32529,50,"Democratic Alliance"
32610,60,"Go Italy"
32710,70,"National Alliance"
32310,30,"Pannella-Sgarbi List"
32321,30,"Italian Renewal"
32521,50,"Christian Democratic Centre"
32111,10,"The Girasole (‘Sunflower')"
32213,20,"Party of Italian Communists"
32220,20,"Democrats of the Left"
32329,30,"Olive Tree"
32421,40,"Daisy - Democracy is Freedom"
32522,50,"White Flower"
32611,60,"New Italian Socialist Party"
32629,60,"House of Freedom"
32901,95,"European Democracy"
32902,95,"List Di Pietro - Italy of Values"
32221,20,"Rose in the Fist"
32530,50,"Union for Christian and Center Democrats"
32903,90,"Autonomy Liberty Democracy (Aosta Valley)"
32904,90,"South Tyrolean People’s Party"
32952,95,"Italy in the World"
32953,95,"Popular Democratic Union for Europe"
32955,98,"The Union – Prodi"
32061,60,"People of Freedom"
32440,30,"Democratic Party"
32530,50,"Union of the Center"
32021,20,"Civil Revolution"
32230,20,"Left Ecology Freedom"
32450,40,"Democratic Centre"
32460,40,"Civic Choice"
32630,70,"Brothers of Italy - National Centre-right"
32640,60,"Labour and Freedom List"
32906,90,"Autonomy Progress Federalism Aosta Valley"
32956,95,"Five Star Movement"
32022,20,"Italy Europe Together"
32031,30,"Free and Equal"
32051,50,"Popular Civic List"
32055,50,"Us with Italy"
32090,90,"Coalition of South Tyrolean People’s Party and Trentino Tyrolean Autonomist Party"
32451,40,"More Europe"
32630,70,"Brothers of Italy"
32720,70,"League"
33220,20,"Communist Party of Spain"
33320,30,"Spanish Socialist Workers’ Party"
33430,40,"Union of the Democratic Centre/Centrist Bloc"
33610,60,"Popular Alliance"
33901,90,"Basque Left"
33902,90,"Basque Nationalist Party"
33904,90,"Aragonese Regionalist Party"
33905,90,"Catalan Republican Left"
33906,90,"Andalusian Party"
33611,90,"Convergence and Union"
33438,40,"Popular Democratic Party"
33512,50,"Centre Democrats"
33220,20,"United Left"
33439,40,"Liberal Party"
33610,60,"People's Party"
33903,90,"Basque Solidarity"
33904,90,"Aragonese Party"
33907,90,"Canarian Coalition"
33908,90,"Galician Nationalist Bloc"
33909,90,"Aragonist Council"
33910,90,"Navarrese People's Union"
33091,90,"Future Yes"
33092,95,"Amaiur"
33093,95,"Commitment-Q"
33440,40,"Union, Progress and Democracy"
33612,90,"Forum Asturias"
33020,20,"Popular Unity"
33095,90,"Basque Country Unite"
33096,90,"In Common We Can"
33097,90,"In Tide"
33098,90,"Commitment-We can-It is time"
33099,90,"Democracy and Freedom"
33210,20,"We can"
33420,40,"Citizens - Party of the Citizens"
33907,90,"Canarian Coalition and Canarian Nationalist Party"
33025,90,"United We Can"
33098,90,"Valencian style"
33911,90,"Democratic Convergence of Catalonia"
33710,70,"Voice"
33907,90,"Canarian Coalition–New Canaries"
33912,90,"Together for Catalonia"
33913,90,"Regionalist Party of Cantabria"
33914,90,"More Commitment"
33230,20,"More Country - Equo"
33915,90,"Popular Unity Candidacy"
33916,90,"Teruel exists"
33021,20,"Unite"
34210,20,"Communist Party of Greece"
34313,30,"Panhellenic Socialist Movement"
34510,50,"Centre Union"
34511,50,"New Democracy"
34510,50,"Union of the Democratic Centre"
34610,60,"National Alignment"
34211,20,"Progressive Left Coalition"
34512,50,"Political Spring"
34314,30,"Democratic Social Movement"
34020,20,"Coalition of the Radical Left"
34710,70,"Popular Orthodox Rally"
34213,20,"Democratic Left"
34720,70,"Golden Dawn"
34730,70,"Independent Greeks"
34212,20,"Coalition of the Radical Left - Unionist Social Front"
34212,20,"Coalition of the Radical Left"
34340,30,"The River"
34214,20,"Popular Unity"
34410,40,"Union of Centrists"
34215,20,"European Realistic Disobedience Front"
34315,30,"Movement for Change"
34711,70,"Greek Solution"
34315,30,"PASOK – Movement for Change"
35210,20,"Popular Democratic Union"
35220,20,"Portuguese Communist Party"
35310,30,"Popular Democratic Movement"
35311,30,"Socialist Party"
35313,60,"Popular Democratic Party"
35520,50,"Social Democratic Center Party"
35710,70,"Popular Monarchist Party"
35313,60,"Social Democratic Party"
35316,30,"Association of Independent Social Democrats"
35317,30,"Leftwing Union for the Socialist Democracy"
35110,10,"Ecologist Party ‘The Greens'"
35312,30,"Democratic Renewal Party"
35315,30,"Democratic Intervention"
35229,20,"Unified Democratic Coalition"
35951,95,"National Solidarity Party"
35520,50,"Social Democratic Center-Popular Party"
35211,20,"Left Bloc"
35060,60,"Portugal Ahead"
35120,10,"People-Animals-Nature"
35130,10,"Free"
35410,40,"Liberal Iniciative"
35720,70,"Enough"
41220,20,"Communist Party of Germany"
41320,30,"Social Democratic Party of Germany"
41420,40,"Free Democratic Party"
41521,50,"Christian Democratic Union/Christian Social Union"
41522,50,"Centre Party"
41620,60,"German Party"
41711,70,"Economic Reconstruction League"
41712,70,"German Reich Party"
41911,90,"Bavarian Party"
41912,90,"South Schleswig Voters’ Union"
41951,95,"Refugee Party"
41111,10,"The Greens"
41112,10,"Greens/Alliance‘90"
41221,20,"Party of Democratic Socialism"
41113,10,"Alliance‘90/Greens"
41222,20,"The Left. Party of Democratic Socialism"
41223,20,"The Left"
41952,95,"Pirates"
41953,70,"Alternative for Germany"
41730,70,"Sahra Wagenknecht Alliance – Reason and Justice"
42320,30,"Austrian Social Democratic Party"
42420,70,"League of Independents"
42520,50,"Austrian People’s Party"
42420,70,"Austrian Freedom Party"
42110,10,"Green Alternative"
42110,10,"The Greens"
42421,40,"Liberal Forum"
42420,70,"Freedom Movement"
42220,20,"Austrian Communist Party"
42710,70,"Alliance for the Future of Austria"
42430,40,"The New Austria"
42951,95,"Team Stronach for Austria"
42120,10,"Peter Pilz List"
42430,40,"The New Austria and Liberal Forum"
43320,30,"Social Democratic Party of Switzerland"
43321,30,"Independents’ Alliance"
43420,40,"Radical Democratic Party"
43520,50,"Conservative People’s Party"
43810,70,"Farmers’, Traders’ and Citizens’ Party"
43520,50,"Conservative Christian Social Party"
43520,50,"Christian Democratic People’s Party of Switzerland"
43530,50,"Protestant People’s Party of Switzerland"
43710,70,"National Action against Foreign Domination"
43810,70,"Swiss People’s Party"
43110,10,"Greens"
43710,70,"National Action for People and Fatherland"
43110,10,"Federation of Green Parties"
43110,10,"Green Party of Switzerland"
43951,95,"Swiss Motorists’ Party"
43220,20,"Swiss Labour Party"
43531,40,"Liberal Party of Switzerland"
43710,70,"Swiss Democrats"
43711,70,"Federal Democratic Union"
43951,95,"Freedom Party of Switzerland"
43120,10,"Green Liberal Party"
43540,50,"Christian Social Party"
43901,90,"Ticino League"
43420,40,"FDP.The Liberals"
43811,60,"Conservative Democratic Party of Switzerland"
43902,90,"Geneva Citizens' Movement"
43020,20,"Together on the Left"
51320,30,"Labour Party"
51420,40,"Liberal Party"
51620,60,"Conservative Party"
51330,30,"Social Democratic Party"
51421,40,"Liberal Democrats"
51621,60,"Ulster Unionist Party"
51902,90,"Scottish National Party"
51903,90,"Democratic Unionist Party"
51210,20,"We Ourselves"
51951,95,"United Kingdom Independence Party"
51110,10,"Green Party of England and Wales"
51340,30,"Social Democratic and Labour Party"
51901,90,"The Party of Wales"
51430,40,"Alliance Party of Northern Ireland"
51701,70,"Reform UK"
51904,90,"Traditional Unionist Voice"
52620,60,"Unionist Party"
52710,70,"Nationalist Party"
52320,30,"Northern Ireland Labour Party"
53320,30,"Labour Party"
53520,50,"Family of the Irish"
53620,60,"Soldiers of Destiny"
53714,70,"Republican Party"
53810,80,"Party of the Land"
53220,20,"Workers’ Party"
53420,40,"Progressive Democrats"
53110,10,"Green Party"
53221,20,"Democratic Left Party"
53951,95,"We Ourselves"
53021,20,"United Left Alliance"
53230,20,"Socialist Party"
53231,20,"People Before Profit"
53240,20,"Anti-Austerity Alliance"
53250,20,"Workers and Unemployment Action"
53321,30,"Social Democrats"
53981,95,"Independent Alliance"
53240,20,"Solidarity"
53260,20,"RISE"
53270,20,"Independents 4 Change"
53952,90,"Unite"
54320,30,"Labour Party"
54620,60,"Nationalist Party"
54420,40,"Democratic Party"
55321,30,"Progressive Party of the Working People"
55322,30,"United Democratic Union of Center"
55421,40,"Liberal Party"
55422,40,"Democratic Party"
55423,40,"Free Democrats Movement"
55711,70,"Democratic Coalition"
55322,30,"Social Democrats' Movement"
55110,10,"Ecological and Environmental Movement"
55430,40,"European Party"
55110,10,"Movement of Ecologists - Citizens' Cooperation"
55340,30,"Citizens' Alliance"
55610,60,"Solidarity Movement"
55720,70,"National Popular Front"
61320,30,"Democratic Party"
61620,60,"Republican Party"
61621,60,"La Follette Progressive Party"
61622,20,"Progressive Party (H. Wallace)"
61911,90,"State’s Rights Party"
62320,30,"Cooperative Commonwealth Federation"
62420,40,"Liberal Party of Canada"
62620,60,"Progressive Conservative Party"
62951,95,"Social Credit"
62320,30,"New Democratic Party"
62621,60,"Reform Party of Canada"
62901,90,"Quebec Bloc"
62622,60,"Canadian Reform Conservative Alliance"
62623,60,"Conservative Party of Canada"
62110,10,"Green Party"
63320,30,"Australian Labor Party"
63620,60,"Liberal Party of Australia"
63810,80,"Country Party"
63330,30,"Australian Labor Party (Anti-Communist)"
63330,30,"Democratic Labor Party"
63810,80,"National Country Party"
63810,80,"National Party of Australia"
63321,30,"Australian Democrats"
63110,10,"Australian Greens"
63621,60,"Liberal National Party of Queensland"
63410,40,"Palmer United Party"
63622,60,"Country Liberal Party"
63710,70,"Katter's Australian Party"
63901,95,"Nick Xenophon Team"
63901,95,"Centre Alliance"
64320,30,"New Zealand Labour Party"
64620,60,"New Zealand National Party"
64951,95,"Social Credit Political League"
64951,95,"New Zealand Democratic Party"
64321,30,"The Alliance"
64621,70,"New Zealand First Party"
64420,40,"ACT New Zealand"
64110,10,"Green Party of Aotearoa New Zealand"
64421,40,"United Future New Zealand"
64422,40,"Jim Anderton’s Progressive Coalition"
64422,40,"Jim Anderton’s Progressive"
64901,90,"Māori Party"
64422,40,"Progressive Party"
64902,90,"Mana Party"
71220,20,"Japanese Communist Party"
71320,30,"Japan Socialist Party"
71321,30,"Democratic Socialist Party"
71620,60,"Liberal Democratic Party"
71530,50,"Clean Government Party"
71621,60,"New Liberal Club"
71322,30,"Social Democratic Federation"
71320,30,"Social Democratic Party of Japan"
71622,60,"Japan Renewal Party"
71951,95,"New Party Harbinger"
71952,95,"Japan New Party"
71320,30,"Social Democratic Party"
71623,60,"New Frontier Party"
71624,60,"Democratic Party of Japan"
71530,50,"New Clean Government Party"
71625,60,"Liberal Party"
71626,60,"New Conservative Party"
71420,40,"Liberal League"
71640,60,"Independent's Party"
71630,60,"People's New Party"
71410,40,"Your Party"
71953,40,"New Party Nippon"
71110,10,"Tomorrow Party of Japan"
71430,60,"Japan Restoration Party"
71650,90,"New Party Mother Earth"
71111,10,"People's Life Party"
71660,60,"(Japan Innovation Party"
71710,70,"Party for Future Generations"
71440,40,"Constitutional Democratic Party of Japan"
71627,60,"Party of Hope"
71210,20,"Reiwa Shinsengumi"
71628,60,"Democratic Party for the People"
71660,60,"Japan Innovation Party"
72220,20,"Israel Communist Party"
72311,30,"United Workers’ Party"
72324,30,"Worker's Party of the Land of Israel"
72420,40,"General Zionists’"
72531,50,"Union of Israel"
72620,60,"Freedom"
72325,30,"Unity of Labour"
72530,50,"National Religious Party"
72411,40,"Liberal Party"
72536,50,"Agudat Israel Workers"
72224,20,"New Communist Party"
72320,30,"Alignment"
72322,30,"Israel Workers’ List"
72410,40,"Progressive and Independent Liberal Party"
72621,60,"Herut-Liberal Bloc"
72610,60,"Free Centre"
72611,60,"State List"
72033,50,"Religious Torah Front"
72221,20,"Focus"
72310,30,"Citizens’ Rights Movement"
72622,60,"The Consolidation"
72223,20,"Peace for Israel"
72225,20,"Democratic Front for Peace and Equality"
72412,40,"Democratic Movement for Change"
72623,60,"Peace to Zion"
72413,40,"Change"
72532,50,"Movement for Israel’s Tradition"
72612,60,"Renaissance Movement"
72222,20,"Progressive List for Peace"
72414,40,"Together"
72425,40,"Courage"
72533,50,"Sephardi Torah Guardians"
72534,50,"Heritage"
72323,30,"Israeli Labour Party"
72613,60,"Crossroads - non-aligned movement for Zionist Renewal"
72614,60,"Torah Flag"
72615,60,"Homeland"
72326,30,"Meretz"
72535,50,"Torah Judaism"
72225,20,"Democratic National Party"
72427,40,"The Third Way"
72428,40,"Israel for Immigration"
72901,90,"United Arab List"
72312,30,"One Nation"
72327,30,"One Israel"
72415,40,"Center Party"
72535,50,"United Torah Judaism"
72624,60,"National Union"
72625,60,"Israel is Our Home"
72323,30,"Israeli Labour Party-Democratic State"
72903,90,"National Democratic Assembly"
72092,90,"United Arab List - Arab movement for revival"
72430,40,"Forward"
72951,95,"Pensioners Party"
72701,70,"The Jewish Home"
72431,40,"The Movement"
72440,40,"There is a Future"
72091,90,"Joint List"
72328,30,"Zionist Union"
72450,40,"All of us"
72041,40,"Blue and White"
72071,70,"United Right"
72031,30,"Labour - Gesher"
72032,30,"Democratic Camp"
72072,70,"Right"
72626,60,"New Hope"
72710,70,"Religious Zionist Party"
72093,90,"Democratic Front for Peace and Equality - Arab Movement for revival"
72455,40,"State Camp"
73330,60,"United National Party"
73310,30,"Sri Lanka Freedom Party"
74321,30,"Republican People’s Party"
74621,60,"Democratic Party"
74710,70,"Republican National Party"
74622,60,"Justice Party"
74712,70,"Republican Peasants' Nation Party"
74625,60,"Nation Party"
74712,70,"National Action Party"
74714,70,"National Salvation Party"
74322,30,"Populist Party"
74623,60,"Motherland Party"
74711,70,"Nationalist Democratic Party"
74323,30,"Social Democratic Populist Party"
74624,60,"True Path Party"
74715,70,"Welfare Party"
74324,30,"Democratic Left Party"
74626,70,"Grand Unity Party"
74627,60,"Democratic Turkey Party"
74716,70,"Virtue Party"
74628,60,"Justice and Development Party"
74326,30,"Democratic Society Party"
74325,30,"Peace and Democracy Party"
74210,20,"Peoples' Democratic Party"
74640,60,"Good Party"
74717,70,"Felicity Party"
75220,20,"Albanian Party of Labour"
75320,30,"Social Democratic Party of Albania"
75621,60,"People’s Party"
75623,95,"Legality Movement Party"
75624,60,"Democratic Party of Albania"
75722,70,"Albanian Republican Party"
75810,80,"Agrarian Party of Albania"
75951,90,"Democratic Union of the Greek Minority"
75220,20,"Albanian Socialist Party"
75421,40,"Democratic Alliance Party"
75622,70,"Party of National Unity"
75951,90,"Union for Human Rights Party"
75721,70,"National Front Party"
75721,70,"United Albanian Right"
75230,20,"Freedom Party of Albania"
75910,90,"Party for Justice, Integration and Unity"
76222,20,"Communist Party of Armenia"
76521,40,"National Self-Determination Union"
76711,40,"Republic"
76712,40,"National Democratic Union"
76901,95,"Semiramis (Women’s Movement)"
76321,30,"Armenian Revolutionary Federation"
76420,40,"Rule of Law"
76902,70,"Right and Unity"
76903,60,"Unity"
76322,30,"United Labour Party"
76421,40,"Justice"
76610,60,"Republican Party of Armenia"
76904,60,"National Unity Party"
76430,40,"Heritage"
76620,60,"Prosperous Armenia"
76041,40,"Armenian National Congress"
76042,40,"Way Out Alliance"
76044,40,"Tsarukyan Alliance"
76043,40,"My Step Alliance"
76435,40,"Bright Armenia"
76030,30,"Armenia Alliance"
76060,60,"I have honor"
76410,40,"Civil Contract"
77220,20,"New Azerbaijan Party"
77420,40,"Azerbaijan Popular Front"
77430,40,"Azerbaijan Democratic Entrepeneurs Party"
77710,70,"Azerbaijan National Independence Party"
77221,20,"Azerbaijan United Communist Party"
77951,70,"Civil Solidarity Party"
78211,20,"Party of Communists of Belarus"
78212,80,"Agrarian Party of Belarus"
78213,80,"Belarusan Peasants' Party"
78214,20,"Belarusan Patriotic Movement"
78410,30,"Party of People’s Consent"
78430,40,"United Democratic Party of Belarus"
78710,30,"Belarusian Social-Democratic Party ‘Hramada’"
78901,95,"Party of Women ‘Nadzeja’"
79221,20,"League of Communists of Bosnia and Herzegovina-Social Democratic Party"
79222,40,"Alliance of Reform Forces of Yugoslavia"
79951,90,"Party of Democratic Action"
79953,90,"Croatian Democratic Union of Bosnia and Herzegovina"
79954,90,"Muslim-Bosniac Organization"
79955,90,"Serbian Democratic Party"
79223,90,"Socialist Party of the Republika Srpska"
79723,90,"Party for Bosnia and Herzegovina"
79321,30,"Social Democratic Party of Bosnia and Herzegovina"
79421,98,"Coalition for a United and Democratic Bosnia and Herzegovina"
79721,90,"Serbian Radical Party of the Republika Srpska"
79722,90,"Radical Party of the Republika Srpska"
79422,90,"Party of Democratic Progress of the Republika Srpska"
79423,90,"New Croation Initiative"
79901,90,"Democratic Peoples’ Union of Bosnia and Herzegovina"
79730,70,"Alliance of Independent Social Democrats"
79956,50,"Croatian Democratic Union 1990"
79957,70,"Bosnian-Herzegovinian Patriotic Party"
79610,60,"Alliance for a Better Future of Bosnia and Herzegovina"
79322,30,"Democratic Front"
79030,30,"Democratic Front - Civic Alliance"
79090,90,"Serbian Democratic Party - list"
79440,40,"Our Party"
79441,40,"For New Generations"
79620,60,"People and Justice"
79625,60,"The People's European Union of Bosnia and Herzegovina"
80220,30,"Bulgarian Socialist Party"
80410,40,"Union of Democratic Forces"
80810,80,"Bulgarian Agrarian National Union"
80951,90,"Movement for Rights and Freedoms"
80228,30,"Coalition of Bulgarian Socialist Party"
80110,10,"Political Club ‘Ekoglasnost'"
80228,30,"Coalition of Bulgarian Socialist Party, Bulgarian Agrarian People’s Union - Alexandar Stambolijski and Political Club 'Ekoglasnost'"
80811,70,"People’s Union"
80812,80,"Bulgarian Agrarian People’s Union - Alexandar Stambolijski"
80901,60,"Bulgarian Business Bloc"
80229,30,"Democratic Left"
80320,30,"Euroleft Coalition"
80411,40,"United Democratic Forces"
80952,98,"Union of National Salvation"
80221,30,"Coalition for Bulgaria"
80902,40,"National Movement Simeon the Second"
80610,40,"Democrats for a Strong Bulgaria"
80710,70,"National Union Attack"
80813,80,"Bulgarian People's Union"
80051,50,"Blue Coalition"
80510,50,"Citizens for European Development of Bulgaria"
80620,60,"Order, Law and Justice"
80061,60,"Reformist bloc"
80062,60,"Patriotic Front - NFSB and VMRO"
80221,30,"BSP-Left Bulgaria"
80330,30,"Alternative for Bulgarian Revival"
80630,60,"Bulgaria without Censorship"
80071,70,"United Patriots"
80221,30,"BSP for Bulgaria"
80640,60,"Will"
81111,10,"Green Alliance of Croatia"
81112,10,"Green Action of Split"
81220,20,"League of Communists of Croatia - Party of Democratic Changes"
81221,20,"Socialist Party of Croatia"
81222,20,"Union of Socialist Youth of Croatia"
81229,20,"League of Communists of Croatia - Party of Democratic Changes and Socialist Party of Croatia"
81420,40,"Coalition of People’s Accord"
81711,70,"Croatian Democratic Union"
81220,20,"Social Democratic Party of Croatia - Party of Democratic Changes"
81410,40,"Croatian Social-Liberal Party"
81712,40,"Croatian People’s Party"
81713,70,"Croatian Party of Rights"
81810,80,"Croatian Peasant Party"
81951,90,"Serbian People’s Party"
81953,90,"Istrian Democratic Assembly"
81954,90,"Dalmatian Action"
81955,90,"Democratic Alliance of Rijeka"
81959,90,"Coalititon of Dalmatian Action, Istrian Democratic Assembly and Democratic Alliance of Rijeka"
81220,20,"Social Democratic Party of Croatia"
81430,40,"Croatian Independent Democrats"
81899,90,"Joint List Bloc"
81956,90,"Croatian Party of Slavonia and Baranja"
81021,98,"Coalition of the Social Democratic Party of Croatia and the Croatian Social-liberal Party"
81411,40,"Liberal Party"
81042,98,"Coalition of the Croatian Social-liberal Party and the Democratic Centre"
81910,90,"Independent Democratic Serbian Party"
81957,95,"Croatian Party of Pensioners"
81041,98,"Coalition of the Croatian Peasant Party, the Croatian Social-liberal Party and the Primorian-Goranski Union"
81712,40,"Croatian People’s Party - Liberal Democrats"
81952,95,"Croatian Democratic Assembly of Slavonia and Baranja"
81032,30,"Kukuriku Coalition"
81230,20,"Croatian Labourists - Labour Party"
81440,40,"Independent List of Ivan Grubišić"
81032,30,"Croatia is growing"
81061,60,"Patriotic Coalition"
81091,90,"Our Own Right"
81450,40,"People's Party - Reformists"
81460,40,"Bridge of Independent Lists"
81960,95,"Human Shield"
81961,95,"Milan Bandić 365 - The Party of Labour and Solidarity"
81022,20,"The Only Option Coalition"
81032,30,"People's coalition"
81043,40,"Coalition for Prime Minister"
81091,90,"Even Stronger Istria Coalition"
81032,30,"Restart Coalition"
81044,40,"Party with a First and Last Name - Smart - Focus"
81240,20,"We can!-political platform"
81245,20,"Workers' Front"
81310,30,"New Left"
81714,70,"Miroslav Škoro Homeland Movement"
82220,20,"Communist Party of Czechoslovakia"
82410,40,"Civic Forum"
82520,60,"Czechoslovak People’s Party"
82529,50,"Christian and Democratic Union"
82951,90,"Movement for an Autonomous Democracy - Society for Moravia-Silesia"
82221,20,"Left Bloc"
82320,30,"Czechoslovak Social Democratic Party"
82412,40,"Civic Democratic Alliance"
82413,60,"Civic Democratic Party"
82419,60,"Civic Democratic Party - Christian Democratic Party"
82420,40,"Liberal Social Union"
82521,50,"Christian Democratic Party"
82523,50,"Christian and Democratic Union - Czech People's Party"
82710,70,"Association for the Republic – Republican Party of Czechoslovakia"
82220,20,"Communist Party of Bohemia and Moravia"
82320,30,"Czech Social Democratic Party"
82901,95,"Pensioners for a Life Security"
82421,60,"Freedom Union"
82524,60,"Christian and Democratic Union - Czech People's Party -  Freedom Union - Democratic Union"
82110,10,"Green Party"
82530,50,"Tradition, Responsibility, Prosperity 09"
82952,90,"Public Affairs"
82430,40,"ANO 2011"
82720,70,"Tomio Okamura's Dawn of Direct Democracy"
82610,60,"Mayors and Independents"
82721,70,"Freedom and Direct Democracy"
82953,95,"Czech Pirate Party"
83220,20,"Electoral Union ‘Secure Home'"
83320,30,"Estonian Social Democratic Party"
83410,30,"Electoral coalition Estonian Rural Center Party - Estonian Social Democratic Party"
83421,40,"Electoral Union ‘Popular Front'"
83710,60,"National Coalition Pro Patria"
83711,60,"Estonian National Independence Party"
83712,80,"Electoral Union ‘Estonian Citizen'"
83901,95,"Electoral Union ‘Independent Royalists'"
83411,40,"Estonian Center Party"
83430,40,"Estonian Reform Party"
83610,60,"Republican and Conservative People’s Party ‘Right-wingers'"
83709,60,"Electoral Union Pro Patria and Estonian National Independence Party"
83713,80,"Coalition Party"
83719,80,"Coalition Party and Rural Union"
83951,90,"Electoral Union ‘Our Home is Estonia'"
83410,30,"People’s Party Moderates"
83709,60,"Pro Patria Union"
83810,80,"Estonian Rural People’s Party"
83952,90,"Estonian United People’s Party"
83611,60,"Union for the Republic"
83612,80,"Estonian People’s Union"
83110,10,"Estonian Greens"
83410,30,"Social Democratic Party"
83611,60,"Pro Patria and Res Publica Union"
83440,60,"Free Party"
83720,70,"Conservative People's Party of Estonia"
83611,60,"Pro Patria"
84095,95,"Round Table - Free Georgia"
84220,20,"Communist Party of Georgia"
84720,70,"Popular Front"
84952,95,"Democratic Georgia"
84110,10,"Green Party of Georgia"
84221,40,"Election Bloc ‘Peace’"
84222,30,"Georgian Workers’ Socialist Party"
84321,30,"Social Democratic Party of Georgia"
84322,30,"Georgian Social Justice Union"
84411,40,"Charter 91"
84421,60,"Election Bloc ‘Oktober 11’"
84422,40,"‘Unity' Bloc"
84423,30,"Democratic Party"
84521,70,"Union of God’s Children of Georgia"
84710,60,"Union of Georgian Traditionalists"
84711,50,"National Democratic Party"
84712,70,"Ilia Chavchavadze Society"
84713,70,"Merab Kostava Society"
84714,30,"Union of National Agreement and Revival of Georgia"
84715,70,"Georgian National Independent Party"
84810,80,"All-Georgian Farmers’ Union"
84951,30,"People’s Friendship and Justice"
84223,20,"Socialist Party of Georgia"
84323,30,"Citizens’ Union of Georgia"
84424,90,"All-Georgian Revival Union"
84425,40,"Bloc ‘Progress’"
84426,40,"Political Alliance ‘Support’"
84427,40,"Reformers' Union of Georgia - National Concord"
84424,90,"Bloc ‘Georgia's Revival’"
84428,60,"Industry will save Georgia"
84424,90,"Union for the Democratic Revival"
84429,30,"Georgian Labour Party"
84430,98,"Burjanadze - Democrats Bloc"
84431,60,"New Rights"
84432,98,"Election Bloc ‘For a New Georgia’"
84716,40,"Bloc ‘Saakashvili - National Movement’"
84716,40,"United National Movement"
84041,40,"United Opposition (National Council/Rights)"
84440,40,"Republican Party of Georgia"
84530,50,"Christian-Democratic Movement"
84042,40,"Bidzina Ivanishvili - Georgian Dream"
84450,40,"Georgian Dream - Democratic Georgia"
84730,70,"Alliance of Patriots of Georgia"
84435,40,"Strategy Aghmashenebeli"
84445,40,"Try for Georgia"
84460,40,"New Political Center - Girchi"
84610,60,"European Georgia - Movement for Liberty"
85111,10,"Green Party-Independent Women's League"
85112,10,"Alliance 90"
85210,20,"United Left Action Alliance"
85221,20,"Party for Democratic Socialism"
85320,30,"Social Democratic Party of Germany"
85421,40,"Free Democratic Party"
85422,40,"Liberal Democratic Party"
85423,40,"German Forum Party"
85424,40,"National Democratic Party of Germany"
85429,40,"Alliance of Free Democrats"
85521,50,"Christian Democratic Union"
85522,50,"German Social Union"
85523,50,"Democratic Opening"
85524,80,"Democratic Peasants’ Party of Germany"
85901,95,"Democratic Women’s League"
86220,30,"Hungarian Socialist Party"
86320,30,"Hungarian Social Democratic Party"
86421,70,"Federation of Young Democrats"
86422,40,"Alliance of Free Democrats"
86521,50,"Hungarian Democratic Forum"
86522,50,"Christian Democratic People’s Party"
86810,80,"Independent Smallholders’ Party"
86811,80,"Agrarian Alliance"
86421,70,"Federation of Young Democrats - Hungarian Civic Party - Hungarian Democratic Forum- Alliance"
86620,70,"Hungarian Justice and Life Party"
86421,70,"Alliance of Federation of Young Democrats - Hungarian Civic Union - Christian Democratic People's Party"
86110,10,"Politics Can Be Different"
86710,70,"Movement for a Better Hungary"
86221,20,"Democratic Coalition"
86340,20,"Together 2014 -Dialogue for Hungary Electoral Alliance"
86111,20,"Dialogue for Hungary"
86421,70,"Alliance of Federation of Young Democrats - Christian Democratic People's Party"
86001,98,"United for Hungary"
86711,70,"Our Homeland Movement"
87220,20,"Harmony for Latvia - Rebirth of the Economy"
87410,40,"Latvian Way Union"
87420,40,"Latvian Liberal Party"
87430,40,"Democratic Centre Party"
87520,50,"Christian Democratic Union"
87710,60,"Latvian National Independence Movement"
87721,70,"For Fatherland and Freedom"
87810,80,"Latvian Farmers’ Union"
87951,90,"Equal Rights"
87310,30,"Latvian Socialist Party"
87320,20,"Latvian Unity Party"
87411,40,"Democratic Party ‘Saimnieks’"
87421,20,"National Harmony Party"
87611,60,"Coalition Latvian National Conservative Party and Latvian Green Party"
87722,70,"Popular Movement for Latvia-Zigerista Party"
87811,80,"Coalition of Latvian Farmers' Union, Latvian Christian Democratic Union and Democratic Party of Latgale"
87311,30,"Latvian Social Democratic Alliance"
87431,40,"New Party"
87610,60,"People’s Party"
87723,70,"For Fatherland and Freedom - Latvian National Independence Movement"
87110,80,"Greens' and Farmers’ Union"
87422,30,"For Human Rights in a United Latvia"
87423,60,"New Era"
87521,50,"Latvia’s First Party"
87021,20,"Concord Centre"
87041,40,"‘Latvia's First Party' and ‘Latvian Way' Union"
87061,40,"For a Good Latvia"
87062,60,"Unity"
87071,70,"National Alliance ‘All For Latvia!' – ‘For Fatherland and Freedom - Latvian National Independence Movement'"
87620,60,"Zatlers' Reform Party"
87340,30,"Social Democartic Party Harmony"
87630,60,"For Latvia from the Heart"
87901,90,"Latvian Association of Regions"
87042,40,"Development/For!"
87640,60,"New Conservative Party"
87730,70,"Who owns the state?"
87011,10,"United List"
87063,60,"New Unity"
87312,30,"The Progressives"
87340,30,"Social Democartic Party ""Harmony"""
87735,70,"For Stability"
87736,70,"Latvia First"
88220,20,"Lithuanian Democratic Labour Party"
88320,30,"Lithuanian Social Democratic Party"
88420,40,"Centre Movement of Lithuania"
88421,40,"Sajudis Coalition"
88521,50,"Lithuanian Christian Democratic Party"
88522,60,"Lithuanian Democratic Party"
88523,95,"Lithuanian Union of Political Prisoners and Deportees"
88529,50,"Lithuanian Christian Democratic Party Coalition"
88710,70,"Lithuanian National Union"
88951,90,"Lithuanian Polish Union"
88420,40,"Lithuanian Centre Union"
88620,60,"Homeland Union"
88321,30,"A. Brazauskas Social Democratic Coalition"
88410,40,"New Union (Social Liberals)"
88422,40,"Lithuanian Liberal Union"
88810,80,"Lithuanian Peasants Party"
88951,90,"Election Action of Lithuania’s Poles"
88031,30,"Working for Lithuania"
88041,40,"Coalition of Rolandas Paksas ‘For Order and Justice'"
88430,40,"Liberal and Centre Union"
88440,40,"Labour Party"
88820,80,"Union of Peasants and New Democracy Party"
88042,40,"Coalition Labour Party and Youth"
88450,40,"Liberal Movement"
88460,70,"Order and Justice"
88621,60,"Homeland Union - Lithuanian Christian Democrats"
88630,60,"National Resurrection Party"
88820,80,"Lithuanian Peasant and Green Union"
88952,95,"The Way of Courage"
88322,30,"Social Democratic Labour Party of Lithuania"
88451,40,"Freedom Party"
89221,30,"League of Communists of Macedonia - Party of Democratic Change"
89222,40,"Alliance of Reform Forces of Macedonia"
89223,40,"Young Democratic Progressive Party of Macedonia"
89228,98,"Joint Candidates of Socialist Party of Macedonia/Young Democratic Progressive Party of Macedonia/Alliance of Reform Forces of Macedonia"
89229,98,"Joint Candidates of Socialist Party of Macedonia/Young Democratic Progressive Party of Macedonia/Alliance of Reform Forces of Macedonia/Party for the Complete Emancipation of the Roma"
89320,20,"Socialist Party of Macedonia"
89420,40,"Party of Yugoslavs in Macedonia"
89710,50,"Internal Macedonian Revolutionary Organization - Democratic Party for Macedonian National Unity"
89951,90,"Party for Democratic Prosperity in Macedonia"
89952,90,"People’s Democratic Party"
89953,90,"Party for the Complete Emancipation of the Roma"
89959,90,"Joint Candidates of Party for Democratic Prosperity in Macedonia/People’s Democratic Party"
89221,30,"Social-Democratic League of Macedonia"
89222,40,"Liberal Party"
89227,30,"Union of Macedonia"
89951,90,"Party for Democratic Prosperity"
89224,40,"Liberal Democratic Party"
89321,40,"Democratic Alternative"
89430,40,"Liberal Party of Macedonia"
89910,90,"Democratic Party of Albanians"
89940,90,"Democratic Union for Integration"
89230,20,"New Social Democratic Party"
89511,50,"Internal Macedonian Revolutionary Organization–People's Party"
89920,90,"Democratic Party of Turks"
89330,30,"Democratic Renewal of Macedonia"
89810,80,"Party for European Future"
89930,90,"National Democratic Revival"
89031,30,"Coalition Civic Option for Macedonia"
89911,90,"Movement for Reforms - Democratic Party of Albanians"
89912,90,"Alliance for Albanians"
89916,90,"Besa Movement"
90220,20,"Electoral Bloc of the Socialist Party and the Movement ‘Unity'"
90520,90,"Alliance of the Christian Democratic People's Front"
90810,80,"Agrarian Democratic Party of Moldova"
90951,98,"Bloc of Peasants and Intellectuals"
90221,20,"Party of Communists of the Republic of Moldova"
90410,40,"Party of Democratic Forces"
90420,40,"Electoral Bloc ‘For a Democratic and Prosperous Moldova'"
90610,60,"Electoral Bloc ‘Democratic Convention of Moldova'"
90520,90,"Christian Democratic People’s Party"
90952,90,"Electoral Block ‘Braghis Alliance'"
90320,30,"Electoral Bloc ‘Democratic Moldova'"
90321,30,"Our Moldova Alliance"
90330,30,"Democratic Party of Moldova"
90430,40,"Liberal Democratic Party of Moldova"
90620,60,"Liberal Party"
90231,20,"Party of Socialists of the Republic of Moldova"
90040,40,"Electoral bloc NOW  Platform DA and PAS"
90630,60,"Șor Party"
91220,20,"League of Communists of Montenegro"
91222,30,"Socialist Party of Montenegro"
91223,30,"Socialist Party"
91229,40,"Alliance of Reform Forces for Montenegro"
91420,40,"Liberal Alliance of Montenegro"
91710,90,"People’s Party"
91951,90,"Party of National Equality"
91952,90,"Democratic League in Montenegro"
91959,90,"Democratic Coalition"
91220,20,"Democratic Party of Socialists of Montenegro"
91320,30,"Social Democratic Party of Reformists"
91711,90,"Serbian Radical Party"
91321,30,"Social Democratic Party of Montenegro"
91953,90,"Democratic Action Party of Montenegro"
91224,30,"Socialist People’s Party of Montenegro"
91323,30,"For a Better Live"
91712,90,"Serbian People's Party"
91020,20,"Coalition for European Montenegro"
91421,40,"Liberal Party of Montenegro"
91430,60,"Movement for Changes"
91930,90,"Serb list"
91910,90,"New Serbian Democracy"
91060,60,"Democratic Front"
91330,30,"Positive Montenegro"
91920,90,"Bosniak Party"
91030,30,"Key Coalition"
91322,30,"United Reform Action"
91324,30,"Social Democrats of Montenegro"
91440,40,"Democratic Montenegro"
91610,60,"Democratic Alliance"
91040,40,"Peace is our Nation"
91090,90,"For the Future of Montenegro"
91021,20,"Together!"
91041,40,"Aleksa and Dritan – Count Bravely!"
91061,60,"Albanian Forum"
91062,60,"Albanian Alliance"
91445,40,"Europe Now Movement"
91620,60,"Croatian Civic Initative"
92210,30,"Democratic Left Alliance"
92211,30,"Democratic Party"
92320,30,"Independent Self-governing Trade Union ‘Solidarity’"
92321,30,"Labour Solidarity"
92410,30,"Democratic Union"
92420,40,"Liberal-Democratic Congress"
92431,40,"Polish Beer-Lovers' Party"
92432,40,"Union of Real Politics"
92433,40,"Polish Economic Program (Large Beer)"
92520,50,"Christian Democratic Labour Party"
92521,50,"Centre Citizens’ Alliance"
92522,50,"Party of Christian Democrats"
92523,50,"Movement for the Republic"
92530,50,"Catholic Electoral Action"
92710,70,"Confederation for an Independent Poland"
92711,70,"Polish Western Union"
92712,70,"Party X"
92810,80,"Peasant Accord"
92811,80,"Polish Peasants' Party"
92952,90,"Movement for the Autonomy of Silesia"
92953,90,"German Minority"
92322,30,"Union of Labour"
92901,95,"Non-Party Bloc in Support of Reforms"
92434,40,"Freedom Union"
92620,50,"Electoral Action ‘Solidarity'"
92621,40,"Movement for the Reconstruction of Poland"
92212,30,"Coalion of the Democratic Left Alliance and the Union of Labour"
92435,40,"Civic Platform"
92436,70,"Law and Justice"
92622,80,"Self-Defence of the Polish Republic"
92713,50,"League of Polish Families"
92021,30,"Left and Democrats"
92440,40,"Palikot's Movement"
92022,30,"United Left"
92450,40,"Modern"
92720,70,"Kukiz'15"
92022,30,"The Left"
92050,50,"Polish Coalition"
92070,70,"Confederation Liberty and Independence"
92455,40,"Spring"
93111,10,"Ecological Movement of Romania"
93112,10,"Romanian Ecological Party"
93221,30,"National Salvation Front"
93222,20,"Romanian Socialist Democratic Party"
93320,30,"Romanian Social Democratic Party"
93430,40,"National Liberal Party"
93521,50,"Christian Democratic National Peasants’ Party"
93523,50,"National Democratic Party"
93524,50,"Romanian Democratic Front from Timisoara"
93529,50,"Democratic Group of the Centre"
93711,70,"Romanian National Unity Party"
93714,70,"Republican Party"
93719,70,"Romanian Unity Alliance"
93810,80,"Democratic Agrarian Party of Romania"
93951,90,"Hungarian Democratic Alliance of Romania"
93223,20,"Democratic National Salvation Front"
93411,50,"Democratic Convention of Romania"
93712,70,"Greater Romania Party"
93713,20,"Socialist Labour Party"
93223,20,"Party of Social Democracy of Romania"
93322,30,"Social Democratic Union"
93221,30,"Democratic Party"
93223,20,"Social Democratic Pole of Romania"
93001,98,"National Union PSR+PUR"
93041,40,"Justice and Truth Alliance"
93002,98,"Social Democratic Party + Conservative Party Alliance"
93530,50,"Democratic Liberal Party"
93031,30,"Social Liberal Union"
93061,60,"Right Romania Alliance"
93981,70,"People's Party - Dan Dianconescu"
93223,20,"Social Democratic Party"
93420,40,"Alliance of Liberals and Democrats"
93440,40,"Save Romania Union"
93540,50,"People's Movement Party"
94221,20,"Communist Party ot the Russian Federation"
94222,80,"Agrarian Party of Russia"
94223,95,"Women of Russia"
94224,95,"Dignity and Charity"
94320,30,"Russian Movement for Democratic Reform"
94421,40,"Russia’s Democratic Choice"
94422,40,"Yavlinsky-Boldyrev-Lukin Bloc"
94423,95,"Party of Russian Unity and Accord"
94711,70,"Liberal Democratic Party of Russia"
94712,40,"Democratic Party of Russia"
94225,70,"Power to the People!"
94321,30,"Ivan Rybkin’s Bloc"
94422,40,"Russian United Democratic Party ‘Yabloko'"
94424,40,"Our Home - Russia"
94425,40,"Forward, Russia!"
94426,40,"Pamfilova - Gurov - V. Lysenko Bloc (Republican Party of Russia)"
94427,40,"Russia’s Democratic Choice – United Democrats"
94713,70,"Congress of Russian Communities"
94620,95,"Inter-Regional Movement ‘Unity'"
94621,60,"Union of Right Forces"
94622,95,"Fatherland - All Russia"
94710,70,"Zhirinovsky Bloc"
94310,70,"Motherland - People's Patriotic Union"
94951,95,"United Russia"
94901,30,"Just Russia"
95221,20,"Socialist Party of Serbia"
95222,40,"Alliance of Reform Forces of Yugoslavia for Vojvodina"
95430,40,"Democratic Party"
95710,40,"Serbian Renewal Movement"
95810,80,"Peasants Party of Serbia"
95951,90,"Democratic Community of Magyars of Vojvodina"
95952,90,"Party of Democratic Action"
95222,40,"Reformist Democratic Party of Vojvodina"
95420,40,"Democratic Movement of Serbia"
95422,30,"New Democracy"
95711,70,"Serbian Radical Party"
95421,40,"Civic Alliance of Serbia"
95712,60,"Democratic Party of Serbia"
95954,90,"Coalition of Albanian Parties"
95955,90,"Party for Democratic Activity"
95091,90,"Vojvodina Coalition"
95223,30,"Yugoslav Left"
95229,30,"Coalition of Socialist Party of Serbia, Yugoslav Left and New Democracy"
95423,40,"Democratic Opposition of Serbia"
95060,60,"Serbian Renewal Movement/New Serbia"
95450,40,"G17plus"
95065,60,"Democratic Party of Serbia/New Serbia"
95431,40,"Liberal Democratic Party"
95040,40,"For a European Serbia Alliance"
95901,90,"Hungarian Coalition"
95021,20,"Socialist Party of Serbia/Party of United Pensioners of Serbia/United Serbia"
95041,40,"Choice For a Better Life – Boris Tadić"
95042,40,"Turnover – Čedomir Jovanović"
95070,70,"Let's get Serbia moving - Tomislav Nikolic"
95451,40,"United Regions of Serbia – Mlađan Dinkić"
95720,70,"None-of-the-above"
95902,90,"Alliance of Vojvodina Hungarians"
95045,40,"New Democratic Party-Greens/League of Social Democrats of Vojvodina/Together for Serbia/Democartic Fellowship of Vojvodina Hungarians/Together for Vojvodina/Democratic Left of Roma"
95071,70,"Aleksandar Vucic - The future in which we believe"
95021,20,"Ivica Dačić –  Socialist Party of Serbia, United Serbia – Dragan Markovic Palma"
95043,40,"Boris Tadić, Čedomir Jovanović – Alliance for a Better Serbia"
95044,40,"For a just Serbia (DS, Nova, DSHV, ZZS)"
95066,60,"Dveri – DPS – Sanda Raskovic Ivic – Bosko Obradovic"
95071,70,"Aleksandar Vucic – Serbia wins"
95100,10,"Green Party"
95440,40,"Now it’s enough – Sasa Radulovic"
95903,90,"Bosniak Democratic Community of Sandzak"
95071,70,"Aleksandar Vučić — For Our Children"
95093,90,"Academician Muamer Zukorlic - Straight ahead - Party of Justice and Reconciliation (SPP) - Democratic Party of Macedonians (DPM)"
95730,70,"Serbian Partiotic Alliance"
95011,10,"We must"
95046,40,"United for the Victory of Serbia"
95067,60,"National Democratic Alternative"
95072,70,"Serbian Movement Dveri - Movement for the Restoration of the Kingdom of Seria"
95735,70,"Serbian Party Oathkeepers"
95903,90,"Justice and Reconciliation Party"
95021,20,"Ivica Dačić — Prime Minister of Serbia"
95047,40,"Serbia Against Violence"
95071,70,"Aleksandar Vučić – Serbia Must Not Stop"
95740,70,"We–The Voice from the People"
96111,10,"Green Party of Slovakia"
96220,30,"Party of the Democratic Left"
96420,40,"Democratic Party"
96430,40,"Public Against Violence"
96521,50,"Christian Democratic Movement"
96710,70,"Slovak National Party"
96952,90,"Coalition of Coexistence and the Hungarian Christian-Democratic Movement"
96431,40,"Alliance of Democrats of the Slovak Republic"
96711,70,"Movement for a Democratic Slovakia"
96951,90,"Coexistence"
96210,20,"Workers’ Association of Slovakia"
96221,30,"Common Choice"
96421,40,"Democratic Union of Slovakia"
96712,70,"National Democratic Party - New Alternative"
96952,90,"Hungarian Coalition"
96953,90,"Hungarian Christian Democratic Movement"
96954,90,"Hungarian Civic Party"
96422,40,"Party of Civic Understanding"
96522,50,"Slovak Democratic Coalition"
96952,90,"Party of the Hungarian Coalition"
96222,20,"Communist Party of Slovakia"
96423,30,"Direction-Social Democracy"
96424,40,"Alliance of the New Citizen"
96523,50,"Slovak Democratic and Christian Union"
96523,50,"Slovak Democratic and Christian Union - Democartic Party"
96440,40,"Freedom and Solidarity"
96610,60,"Civic Conservative Party"
96955,95,"Bridge"
96620,60,"Ordinary People and Independent Personalities"
96630,60,"Network"
96720,70,"Kotleba – People's Party Our Slovakia"
96725,70,"We Are Family"
97110,10,"Greens of Slovenia"
97220,20,"League of Communists of Slovenia"
97320,30,"Social-Democratic Party of Slovenia"
97421,40,"Liberal Democratic Party"
97430,60,"Democratic Party of Slovenia"
97520,50,"Slovenian Christian Democrats"
97521,50,"Slovenian People's Party"
97810,80,"Slovenian Peasant League"
97223,20,"Unity, Asssociated List"
97710,70,"Slovenian National Party"
97321,30,"Associated List of Social Democrats"
97421,40,"Liberal Democracy of Slovenia"
97951,95,"Democratic Party of Pensioners of Slovenia"
97522,50,"New Slovenian Christian People’s Party"
97952,95,"Party of Slovenian Youth"
97322,30,"Social Democratic Party"
97330,60,"Slovenian Democratic Party"
97440,40,"For Real"
97340,30,"Zoran Janković's List - Positive Slovenia"
97450,40,"Gregor Virant's Civic List"
97020,20,"United Left"
97460,40,"Alliance of Alenka Bratušek"
97461,40,"Party of Miro Cerar"
97230,20,"The Left"
97341,40,"List of Marjan Šarec"
97460,40,"Party of Alenka Bratušek"
97461,40,"Modern Centre Party"
98221,20,"Communist Party of Ukraine"
98321,30,"Socialist Party of Ukraine"
98325,30,"Social Democractic Party of Ukraine"
98421,40,"Interregional Reform Bloc"
98422,40,"Party of Democratic Rebirth of Ukraine"
98423,30,"Labour Party"
98424,40,"Civic Congress of Ukraine"
98521,50,"Christian Democratic Party of Ukraine"
98611,60,"Popular Movement of Ukraine"
98612,60,"Ukrainian Republican Party"
98613,60,"Democratic Party of Ukraine"
98711,70,"Congress of Ukrainian Nationalists"
98712,60,"Ukrainian Conservative Republican Party"
98713,70,"Ukrainian National Assembly"
98810,80,"Peasant Party of Ukraine"
98951,90,"Party of Economic Revival of Crimea"
98111,10,"Green Party of Ukraine"
98322,20,"Progressive Socialist Party of Ukraine"
98323,30,"Bloc Socialist Party of Ukraine and Peasant Party of Ukraine"
98324,60,"All-Ukrainian Association ‘Community'"
98426,40,"People’s Democratic Party of Ukraine"
98427,20,"Social Democratic Party of Ukraine (United)"
98428,60,"Forward, Ukraine!"
98614,60,"Electoral Bloc ‘National Front'"
98811,80,"Agrarian Party of Ukraine"
98429,40,"For a United Ukraine!"
98615,60,"Viktor Yushchenko Bloc ‘Our Ukraine'"
98616,60,"Juliya Tymoshenko Election Bloc"
98952,95,"Party of Regions"
98081,98,"Lytvyn Bloc"
98615,60,"‘Our Ukraine - People's Self-Defense'"
98617,60,"All-Ukrainian Union ‘Fatherland'"
98630,60,"Ukrainian Democratic Alliance for Reform"
98720,70,"All-Ukrainian Union ‘Freedom'"
98618,60,"People's Front"
98620,60,"Union ‘Self Help'"
98631,60,"Petro Poroshenko Bloc ‘Solidarity'"
98730,70,"Radical Party of Oleh Lyashko"
98910,90,"Opposition Bloc"
98340,30,"Opposition Platform - For Life"
98350,30,"Opposition Bloc"
98440,40,"Servant of the People"
98450,40,"Voice"
98631,60,"European Solidarity"
113420,40,"Democratic Party"
113620,60,"Democratic Liberal Party"
113621,60,"National Unification Party"
113421,40,"National Congress for New Politics"
113622,60,"New Korea Party"
113650,60,"United Liberal Party"
113320,30,"Democratic Labour Party"
113430,40,"Millenium Democratic Party"
113630,60,"Grand National Party"
113422,40,"Uri Party"
113440,40,"United Democratic Party"
113651,60,"Liberty Forward Party"
113321,30,"United Progressive Party"
113440,40,"Democratic Party"
113630,60,"New Frontier Party"
113322,30,"Justice Party"
113441,40,"Democratic Party"
113442,40,"People's Party"
113443,40,"Open Democratic Party"
113450,40,"People Party"
113631,60,"United Future Party - including Future Korea Party"
150029,40,"Justicialist Party of Popular Unity"
150040,40,"Center Alliance"
150301,30,"Civic Radical Union"
150201,40,"Justicialist Party"
150202,20,"Front for a Country in Solidarity"
150028,40,"Justicialist Coalition for Change"
150032,30,"Aliance for Work, Justice, and Education"
150601,60,"Action for the Republic"
150022,20,"Front for Loyalty and Union of the Democratic Centre"
150025,20,"Front for Victory"
150205,20,"Front of the popular movement"
150210,20,"Alternative for a Republic of Equals"
150401,40,"Recreate for Growth"
150023,20,"Civic Coalition"
150027,20,"Justice, Union and Liberty Front"
150031,30,"An Advanced Union"
150024,20,"Social and Civic Agreement"
150061,60,"Alliance Union-PRO"
150220,20,"New Encounter"
150221,20,"Neuquén People's Movement"
150222,20,"It is possible"
150026,20,"Broad Progressive Front"
150027,20,"Federal Commitment"
150230,20,"Popular Front"
150021,20,"United for a New Alternative"
150062,60,"We change"
150025,20,"Everyone's Front"
150033,30,"Federal Consensus"
150062,60,"Together for Change"
151062,60,"Plan Progress for Bolivia – National Convergence"
151250,20,"Movement towards Socialism - Political Instrument for the Sovereignty of the Peoples"
151255,20,"Social Alliance"
151610,60,"Nationalist Revolutionary Movement"
151617,60,"Autonomy for Bolivia"
151640,60,"National Unity Front"
151540,50,"Christian Democratic Party"
151640,60,"Democratic Union"
152061,60,"Great Alliance for Change"
152421,40,"Colombian Liberal Party"
152612,60,"Movement Yes Colombia"
152311,30,"Independent Democratic Pole"
152612,60,"Yes Colombia"
152622,60,"Colombia First"
152321,30,"Alternative Democratic Pole"
152331,30,"National Democratic Reconstruction"
152424,40,"Alliance of Social Independence/Indigenous"
152111,10,"Green Party"
152422,40,"Party of Radical Change"
152621,60,"Colombian Conservative Party"
152952,95,"Party of «U»"
152031,30,"Alternative Democratic Pole - Patriotic Union"
152041,40,"National Unity"
152111,10,"Green Alliance"
152623,60,"Democratic Center"
152021,20,"Decency List"
152042,40,"Best Vargas Lleras"
152062,60,"Grand Alliance of Colombia"
152981,98,"Colombian Coalition"
153321,30,"National Liberation Party"
153521,50,"Social Christian Unity Party"
153331,30,"Citizen’s Action Party"
153420,40,"Libertarian Movement Party"
153322,30,"Broad Front"
153522,50,"National Restoration Party"
153523,50,"Social Christian Republican Party"
153620,60,"National Integration Party"
154210,20,"Pachakutik Plurinational Unity Movement - New Country"
154510,50,"Popular Democracy - Christian Democratic Union"
154521,50,"Social Christian Party"
154951,999,"Ecuadorian Roldosist Party"
154001,999,"Patriotic Society Party - Pachakutik Plurinational Unity Movement - New Country"
154022,20,"Pairing Roldós-Padilla"
154321,30,"Democratic Left"
154711,70,"Institutional Renewal Party of National Action"
154031,30,"Democratic Left Alliance - Ethics and Democracy Network"
154322,30,"Proud and Sovereign Fatherland Alliance Movement"
154952,999,"Patriotic Society Party"
154021,20,"Plurinational Unity of the Lefts"
154712,70,"Creating Opportunities"
154032,30,"National Agreement for Change"
155021,20,"Concert of Parties for Democracy"
155061,60,"Democracy and Progress"
155620,60,"Liberal-Socialists of Chile"
155061,60,"Union for Chile's Progress"
155061,60,"Alliance for Chile"
155025,20,"Together we can do more for Chile"
155601,60,"Independent Democratic Union"
155602,60,"National Renewal"
155023,20,"New Majority for Chile"
155061,60,"Coalition for Change"
155021,20,"New Majority for Chile/Socialist Party of Chile"
155024,20,"If you want it, Chile changes"
155061,60,"Alliance"
155021,20,"New Majority for Chile"
155026,20,"Broad Front"
155061,60,"Chile let's go"
155201,20,"Progressive Party"
155501,50,"Christian Democratic Party"
155980,70,"Independent"
155027,20,"Approve Dignity"
155030,30,"New Social Pact"
155061,60,"Chile we can do more"
155062,60,"Christian Social Front"
155401,40,"Party of the People"
160031,30,"United People's Alliance"
160041,40,"Change 94"
160061,60,"Democratic Alliance"
160521,50,"Christian Democratic Party"
160624,60,"Doctrinaire Panameñista Party"
160953,999,"Papa Egoro Movement"
160031,30,"Alliance for a New Nation"
160051,50,"Oppositon Action Alliance"
160061,60,"Alliance Union for Panama"
160031,30,"Alliance for a New Fatherland"
160061,60,"Alliance of Vision for the Country"
160630,60,"Democratic Change"
160711,70,"Solidarity Party"
160031,30,"A Country For All"
160062,60,"Alliance for Change"
160061,60,"Alliance for Village First"
160062,60,"United for change"
160221,20,"Broad Front for Democracy"
160321,30,"Democratic Revolutionary Party"
160031,30,"Joining forces"
160061,60,"Panama We Can Alliance"
160062,60,"For a Good Return"
160954,999,"Independent"
160955,999,"Independent"
160956,999,"Independent"
162210,20,"Popular Assembly"
162310,30,"Broad Front"
162410,40,"Colorado Party"
162510,50,"Independent Party"
162610,60,"National Party"
168321,30,"Dominican Revolutionary Party"
168331,30,"Dominican Liberation Party"
168510,50,"Social Christian Reformist Party"
168322,30,"Modern Revolutionary Party"
171301,30,"Institutional Revolutionary Party"
171601,60,"National Action Party"
171302,30,"Popular Socialist Party"
171303,30,"Authentic Party of the Mexican Revolution"
171201,20,"Mexican Communist Party"
171304,30,"Workers’ Socialist Party"
171203,20,"Unified Socialist Party of Mexico"
171202,20,"Revolutionary Workers’ Party"
171308,30,"Mexican Workers’ Party"
171307,30,"National Democratic Front"
171304,30,"Party of the Cardenist Front of National Reconstruction"
171305,30,"Democratic Revolutionary Party"
171306,30,"Labor Party"
171101,10,"Mexican Green Ecologist Party"
171031,30,"Alliance for Mexico 2000"
171601,60,"Alliance for Change"
171311,30,"Convergence for Democracy"
171032,30,"Alliance for Mexico 2006"
171033,30,"Coalition ‘For the Good of All'"
171309,30,"New Alliance Party"
171310,30,"Social Democratic and Farmer Alternative Party"
171032,30,"Coalition ‘Mexico First'"
171034,30,"Coalition ‘We save Mexico'"
171310,30,"Social Democratic Party"
171311,30,"Convergence"
171032,30,"Commitment for Mexico"
171035,30,"Progressive Movement"
171311,30,"Citizens' Movement"
171210,20,"National Regeneration Movement"
171611,60,"Social Encounter Party"
179043,40,"Center Front"
179051,50,"National Unity"
179061,60,"Alliance for the Future"
179321,30,"Peruvian Aprista Party"
179421,40,"Union for Peru"
179021,20,"Peru Wins"
179041,40,"Alliance Possible Peru"
179052,50,"Alliance for the Great Change"
179625,60,"Force 2011"
179982,98,"National Solidarity Alliance"
179031,30,"The Broad Front for Justice, Life and Liberty"
179042,40,"Alliance for Progress of Peru"
179422,40,"Popular Action"
179611,60,"Peruvians for Change"
179625,60,"People’s Force"
179983,98,"Popular Alliance"
180230,20,"Popular Front Brazil"
180250,20,"Democratic Labour Party"
180309,50,"Party of Brazilian Social Democracy"
180410,40,"New Brazil Movement"
180610,60,"Democratic Social Party"
180230,20,"A democratic revolution in Brazil"
180310,60,"Let’s work Brazil"
180710,70,"Party of the Reconstruction of the National Order"
180230,20,"Union of the People - Change Brazil"
180232,20,"Socialist People's Party"
180310,60,"Go ahead Brazil"
180230,20,"Coalition Lula for President"
180240,20,"Hope for Brasil Coalition"
180310,60,"Coalition Big Alliance"
180320,30,"Labour Front Coalition"
180230,20,"Coalition the People's Power"
180231,20,"Left Front"
180310,60,"Coalition for a decent Brazil"
180110,10,"Green Party"
180230,20,"For Brazil to keep on changing"
180310,60,"Brazil can do more"
180230,20,"With the strength of the people"
180240,20,"United for Brazil"
180310,60,"Change, Brazil"
180230,20,"The People happy again"
180251,30,"Soverign Brazil"
180310,60,"To unite Brazil"
180620,70,"Brazil above everything, God above everyone"
180230,20,"Brazil of Hope"
180311,30,"Brazil for Everyone"
180620,70,"For the Good of Brazil"
181310,30,"African National Congress"
181410,40,"Democratic Party"
181910,90,"Inkatha Freedom Party"
181411,40,"Democratic Alliance"
181420,40,"Congress of the People"
181210,20,"Economic Freedom Fighters"
181311,30,"United Democratic Movement"
181320,30,"Good"
181325,30,"National Freedom Party"
181510,50,"African Christian Democratic Party"
181520,50,"African Transformation Movement"
181710,70,"Freedom Front Plus"
181980,90,"African Independent Congress"
